{
    "rmse": 0.6805239902899664,
    "mae": 0.536452778970041,
    "r2": 0.26536659048195066
}